user1_name,user2_name,match_time
Alice,Bob,"2025-08-06 09:23:28"
Charlie,Emma,"2025-08-06 09:23:28"
David,Fiona,"2025-08-06 09:23:28"
George,Hannah,"2025-08-06 09:23:28"
Isaac,Julia,"2025-08-06 09:23:28"
Kevin,Laura,"2025-08-06 09:23:28"
Mike,Oscar,"2025-08-06 09:23:28"
Bob,Fiona,"2025-08-06 09:23:28"
Emma,George,"2025-08-06 09:23:28"
Hannah,Isaac,"2025-08-06 09:23:28"
Julia,Nina,"2025-08-06 09:23:28"
Laura,Oscar,"2025-08-06 09:23:28"
Charlie,Kevin,"2025-08-06 09:23:28"
David,Isaac,"2025-08-06 09:23:28"
Alice,Mike,"2025-08-06 09:23:28"
